{
    "evaluation_frequency": {
        "frequency": 1,
        "period": "epoch"
    },
    "test": {
        "Survived": {
            "accuracy": [
                0.7584269642829895,
                0.8033707737922668,
                0.8033707737922668,
                0.7359550595283508,
                0.7696629166603088,
                0.7415730357170105,
                0.7528089880943298,
                0.7247191071510315
            ],
            "loss": [
                0.6259120106697083,
                0.42480048537254333,
                0.5046730637550354,
                0.7352898716926575,
                0.7551854252815247,
                1.0834039449691772,
                1.410387396812439,
                1.752638816833496
            ],
            "precision": [
                0.637499988079071,
                0.7884615659713745,
                0.6666666865348816,
                0.5865384340286255,
                0.6935483813285828,
                0.6376811861991882,
                0.7142857313156128,
                0.585106372833252
            ],
            "recall": [
                0.7846153974533081,
                0.6307692527770996,
                0.9230769276618958,
                0.9384615421295166,
                0.6615384817123413,
                0.6769230961799622,
                0.5384615659713745,
                0.8461538553237915
            ],
            "roc_auc": [
                0.8073518872261047,
                0.8819605708122253,
                0.8792376518249512,
                0.87460857629776,
                0.8164737820625305,
                0.8142273426055908,
                0.8271613121032715,
                0.8078965544700623
            ],
            "specificity": [
                0.7433628439903259,
                0.9026548862457275,
                0.7345132827758789,
                0.6194690465927124,
                0.8318583965301514,
                0.778761088848114,
                0.8761062026023865,
                0.6548672318458557
            ]
        },
        "combined": {
            "loss": [
                0.6259120106697083,
                0.42480048537254333,
                0.5046730637550354,
                0.7352898716926575,
                0.7551854252815247,
                1.0834039449691772,
                1.410387396812439,
                1.752638816833496
            ]
        }
    },
    "training": {
        "Survived": {
            "accuracy": [
                0.5464743375778198,
                0.7564102411270142,
                0.8429487347602844,
                0.8990384340286255,
                0.9743589758872986,
                0.995192289352417,
                0.9967948794364929,
                0.9983974099159241
            ],
            "loss": [
                0.9140328168869019,
                0.5000222325325012,
                0.3743581175804138,
                0.22614352405071259,
                0.06499478220939636,
                0.011100182309746742,
                0.0047052535228431225,
                0.0036067955661565065
            ],
            "precision": [
                0.4247104227542877,
                0.7395833134651184,
                0.8173912763595581,
                0.8549019694328308,
                0.9672130942344666,
                0.9958847761154175,
                0.9959016442298889,
                1.0
            ],
            "recall": [
                0.4508196711540222,
                0.5819672346115112,
                0.7704917788505554,
                0.8934426307678223,
                0.9672130942344666,
                0.9918032884597778,
                0.9959016442298889,
                0.9959016442298889
            ],
            "roc_auc": [
                0.574935257434845,
                0.8190249800682068,
                0.9086388945579529,
                0.9669004082679749,
                0.9976379871368408,
                0.999946117401123,
                0.9999892115592957,
                1.0
            ],
            "specificity": [
                0.6078947186470032,
                0.8684210777282715,
                0.8894736766815186,
                0.9026315808296204,
                0.9789473414421082,
                0.9973683953285217,
                0.9973683953285217,
                1.0
            ]
        },
        "combined": {
            "loss": [
                0.9140328168869019,
                0.5000222325325012,
                0.3743581175804138,
                0.22614352405071259,
                0.06499478220939636,
                0.011100182309746742,
                0.0047052535228431225,
                0.0036067955661565065
            ]
        }
    },
    "validation": {
        "Survived": {
            "accuracy": [
                0.7191011309623718,
                0.7977527976036072,
                0.7303370833396912,
                0.6741573214530945,
                0.7191011309623718,
                0.7078651785850525,
                0.6966292262077332,
                0.6629213690757751
            ],
            "loss": [
                0.6265195608139038,
                0.4572938084602356,
                0.5662738084793091,
                0.8511273860931396,
                0.9045433402061462,
                1.3438743352890015,
                1.7100639343261719,
                2.096047878265381
            ],
            "precision": [
                0.5869565010070801,
                0.7272727489471436,
                0.5957446694374084,
                0.5384615659713745,
                0.6111111044883728,
                0.6000000238418579,
                0.6153846383094788,
                0.5306122303009033
            ],
            "recall": [
                0.8181818127632141,
                0.7272727489471436,
                0.8484848737716675,
                0.8484848737716675,
                0.6666666865348816,
                0.6363636255264282,
                0.4848484992980957,
                0.7878788113594055
            ],
            "roc_auc": [
                0.7656926512718201,
                0.8111472129821777,
                0.811688244342804,
                0.7992424368858337,
                0.7597402334213257,
                0.7521644830703735,
                0.7700216174125671,
                0.7378246784210205
            ],
            "specificity": [
                0.6607142686843872,
                0.8392857313156128,
                0.6607142686843872,
                0.5714285969734192,
                0.75,
                0.75,
                0.8214285969734192,
                0.5892857313156128
            ]
        },
        "combined": {
            "loss": [
                0.6265195608139038,
                0.4572938084602356,
                0.5662738084793091,
                0.8511273860931396,
                0.9045433402061462,
                1.3438743352890015,
                1.7100639343261719,
                2.096047878265381
            ]
        }
    }
}